{"cameraMode":{"drawMode":0,"name":"Shaded","section":"Shading Mode"},"sceneLighting":true,"audioPlay":false,"sceneViewState":{"m_AlwaysRefresh":false,"showFog":true,"showSkybox":true,"showFlares":true,"showImageEffects":true,"showParticleSystems":true,"showVisualEffectGraphs":true,"m_FxEnabled":true},"in2DMode":false,"pivot":{"x":921.1583862304688,"y":65.7486572265625,"z":1282.9464111328125},"rotation":{"x":0.045154377818107608,"y":0.26880016922950747,"z":-0.012324164621531964,"w":0.9623348116874695},"size":920.4674682617188,"orthographic":false}